,Susceptible,Exposed,Infected,Resistant,Dead,Common,Variant
0,1200,0,3,0,0,3,0
1,1196,2,5,0,0,10,0
2,1190,6,7,0,0,21,0
3,1186,9,8,0,0,31,0
4,1182,11,9,0,1,44,0
5,1178,13,10,0,2,53,0
6,1171,11,19,0,2,57,0
7,1160,20,20,0,3,66,0
8,1148,17,35,0,3,91,0
9,1120,38,40,1,4,121,0
10,1115,35,47,1,5,143,0
11,1095,39,63,1,5,167,0
12,1067,47,81,1,7,183,0
13,1051,48,95,1,8,216,0
14,1008,77,107,1,10,254,0
15,980,89,119,1,14,291,0
16,967,85,133,1,17,324,0
17,940,84,159,1,19,355,0
18,907,91,182,2,21,383,0
19,874,98,208,2,21,421,0
20,847,111,217,3,25,455,0
21,793,131,247,3,29,516,0
22,758,134,273,4,34,562,0
23,709,165,290,4,35,610,0
24,672,171,315,4,41,660,0
25,639,158,354,5,47,695,0
26,584,172,378,5,64,738,0
27,551,183,393,6,70,781,0
28,521,178,420,7,77,819,0
29,494,175,442,9,83,854,0
30,453,195,451,13,91,897,0
31,405,223,460,13,102,932,0
32,409,195,480,13,106,972,0
33,367,187,517,14,118,1003,0
34,313,216,535,15,124,1039,0
35,271,224,560,17,131,1073,0
36,261,231,554,18,139,1103,0
37,245,238,553,19,148,1124,0
38,211,230,575,22,165,1140,0
39,210,208,584,23,178,1158,0
40,204,212,577,25,185,1181,0
41,172,245,565,26,195,1192,0
42,144,243,586,27,203,1200,0
43,157,222,580,29,215,1202,0
44,152,225,564,30,232,1203,0
45,160,207,564,32,240,1203,0
46,148,214,555,33,253,1203,0
47,133,203,573,34,260,1203,0
48,140,199,555,35,274,1203,0
49,143,197,539,36,288,1203,0
50,164,186,515,37,301,1203,0
51,145,198,511,40,309,1203,0
52,137,175,531,42,318,1203,0
53,139,161,531,43,329,1203,0
54,117,186,511,45,344,1203,0
55,147,165,492,46,353,1203,0
56,145,163,487,46,362,1203,0
57,155,151,481,46,370,1203,0
58,163,157,458,47,378,1203,0
59,173,151,444,49,386,1203,0
60,167,161,425,51,399,1203,0
61,144,168,436,51,404,1203,0
62,154,158,421,52,418,1203,0
63,170,152,403,53,425,1203,0
64,175,150,388,55,435,1203,0
65,178,135,390,55,445,1203,0
66,193,116,387,55,452,1203,0
67,157,148,380,57,461,1203,0
68,186,128,366,57,466,1203,0
69,173,133,366,57,474,1203,0
70,172,115,373,58,485,1203,0
71,159,128,363,58,495,1203,0
72,164,107,366,60,506,1203,0
73,163,114,351,60,515,1203,0
74,172,113,334,62,522,1203,0
75,162,120,330,62,529,1203,0
76,177,105,322,64,535,1203,0
77,175,112,310,65,541,1203,0
78,154,135,304,65,545,1203,0
79,171,95,323,66,548,1203,0
80,161,106,317,66,553,1203,0
81,175,99,306,66,557,1203,0
82,172,104,297,66,564,1203,0
83,166,99,297,68,573,1203,0
84,192,79,280,69,583,1203,0
85,171,103,269,69,591,1203,0
86,174,99,265,70,595,1203,0
87,180,82,268,70,603,1203,0
88,174,88,263,70,608,1203,0
89,160,88,274,70,611,1203,0
90,172,78,264,72,617,1203,0
91,182,80,248,72,621,1203,0
92,180,80,246,73,624,1203,0
93,175,85,238,74,631,1203,0
94,164,92,237,75,635,1203,0
95,169,75,246,76,637,1203,0
96,182,77,228,76,640,1203,0
97,173,90,220,78,642,1203,0
98,183,87,208,78,647,1203,0
99,189,68,216,78,652,1203,0
100,180,76,213,78,656,1203,0
101,176,73,217,78,659,1203,0
102,182,75,204,80,662,1203,0
103,181,75,199,81,667,1203,0
104,192,72,187,81,671,1203,0
105,196,56,196,81,674,1203,0
106,190,67,186,81,679,1203,0
107,209,58,172,82,682,1203,0
108,193,59,180,82,689,1203,0
109,200,54,175,82,692,1203,0
110,181,65,180,82,695,1203,0
111,189,65,169,82,698,1203,0
112,183,60,175,83,702,1203,0
113,182,59,170,84,708,1203,0
114,184,49,175,84,711,1203,0
115,168,60,173,86,716,1203,0
116,191,44,164,86,718,1203,0
117,199,49,145,87,723,1203,0
118,198,50,142,87,726,1203,0
119,206,53,129,87,728,1203,0
120,206,42,137,87,731,1203,0
121,203,36,141,87,736,1203,0
122,205,34,139,88,737,1203,0
123,216,37,119,88,743,1203,0
124,218,36,117,88,744,1203,0
125,218,31,118,88,748,1203,0
126,216,33,117,88,749,1203,0
127,220,36,109,88,750,1203,0
128,219,34,110,88,752,1203,0
129,215,42,102,88,756,1203,0
130,225,27,105,88,758,1203,0
131,224,44,87,88,760,1203,0
132,227,27,99,88,762,1203,0
133,232,31,89,88,763,1203,0
134,240,24,88,88,763,1203,0
135,243,33,76,88,763,1203,0
136,244,26,81,88,764,1203,0
137,244,26,79,88,766,1203,0
138,218,42,88,88,767,1203,0
139,230,35,81,88,769,1203,0
140,236,27,80,88,772,1203,0
141,242,22,78,88,773,1203,0
142,243,23,73,88,776,1203,0
143,237,24,77,88,777,1203,0
144,231,30,77,88,777,1203,0
145,234,25,77,88,779,1203,0
146,242,19,75,88,779,1203,0
147,235,28,71,88,781,1203,0
148,244,17,71,88,783,1203,0
149,239,21,70,88,785,1203,0
150,235,16,78,88,786,1203,0
151,225,17,85,89,787,1203,0
152,218,29,80,89,787,1203,0
153,218,37,70,89,789,1203,0
154,214,30,80,89,790,1203,0
155,213,26,83,89,792,1203,0
156,217,16,87,89,794,1203,0
157,205,30,84,89,795,1203,0
158,216,24,75,90,798,1203,0
159,222,25,65,90,801,1203,0
160,227,20,64,90,802,1203,0
161,232,18,60,91,802,1203,0
162,229,19,62,91,802,1203,0
163,234,21,55,91,802,1203,0
164,234,18,57,91,803,1203,0
165,235,23,51,91,803,1203,0
166,231,21,56,91,804,1203,0
167,237,20,50,91,805,1203,0
168,237,20,50,91,805,1203,0
169,243,17,46,91,806,1203,0
170,237,20,46,91,809,1203,0
171,234,20,48,91,810,1203,0
172,233,15,52,91,812,1203,0
173,228,17,55,91,812,1203,0
174,229,21,49,91,813,1203,0
175,233,11,53,91,815,1203,0
176,237,14,45,91,816,1203,0
177,234,12,49,91,817,1203,0
178,235,15,43,91,819,1203,0
179,229,15,49,91,819,1203,0
180,227,13,51,91,821,1203,0
181,224,17,49,91,822,1203,0
182,223,14,52,91,823,1203,0
183,223,19,46,91,824,1203,0
184,225,12,50,91,825,1203,0
185,222,15,49,91,826,1203,0
186,212,22,51,92,826,1203,0
187,219,16,50,92,826,1203,0
188,219,19,47,92,826,1203,0
189,219,18,48,92,826,1203,0
190,220,18,47,92,826,1203,0
191,222,12,51,92,826,1203,0
192,222,11,51,92,827,1203,0
193,226,11,46,92,828,1203,0
194,221,15,47,92,828,1203,0
195,228,16,39,92,828,1203,0
196,227,16,38,93,829,1203,0
197,221,17,43,93,829,1203,0
198,219,13,49,93,829,1203,0
199,211,17,51,93,831,1203,0
200,205,20,52,93,833,1203,0
201,210,14,51,93,835,1203,0
202,212,10,52,94,835,1203,0
203,215,16,40,94,838,1203,0
204,218,9,44,94,838,1203,0
205,214,8,46,94,841,1203,0
206,205,11,52,94,841,1203,0
207,204,12,50,94,843,1203,0
208,203,13,49,94,844,1203,0
209,199,17,49,94,844,1203,0
210,202,8,53,94,846,1203,0
211,203,14,45,94,847,1203,0
212,208,12,40,94,849,1203,0
213,206,14,40,94,849,1203,0
214,216,8,34,95,850,1203,0
215,210,15,32,95,851,1203,0
216,212,7,35,95,854,1203,0
217,211,4,39,95,854,1203,0
218,207,8,39,95,854,1203,0
219,209,9,36,95,854,1203,0
220,214,5,34,95,855,1203,0
221,209,10,32,95,857,1203,0
222,217,7,27,95,857,1203,0
223,215,7,29,95,857,1203,0
224,216,6,25,95,861,1203,0
225,213,7,26,95,862,1203,0
226,215,10,21,95,862,1203,0
227,225,6,14,95,863,1203,0
228,227,3,14,95,864,1203,0
229,228,2,14,95,864,1203,0
230,227,4,13,95,864,1203,0
231,231,3,10,95,864,1203,0
232,230,3,11,95,864,1203,0
233,231,1,12,95,864,1203,0
234,232,1,11,95,864,1203,0
235,229,5,9,96,864,1203,0
236,231,2,9,96,865,1203,0
237,231,1,9,96,866,1203,0
238,230,2,9,96,866,1203,0
239,232,3,6,96,866,1203,0
240,231,1,9,96,866,1203,0
241,232,1,7,96,867,1203,0
242,233,1,6,96,867,1203,0
243,232,4,4,96,867,1203,0
244,233,2,5,96,867,1203,0
245,232,3,5,96,867,1203,0
246,234,0,6,96,867,1203,0
247,231,2,7,96,867,1203,0
248,232,1,7,96,867,1203,0
249,232,1,6,96,868,1203,0
250,232,0,7,96,868,1203,0
251,231,1,7,96,868,1203,0
252,233,0,5,96,869,1203,0
253,231,3,4,96,869,1203,0
254,232,1,5,96,869,1203,0
255,235,0,3,96,869,1203,0
256,235,0,3,96,869,1203,0
257,234,0,4,96,869,1203,0
258,233,1,4,96,869,1203,0
259,230,3,5,96,869,1203,0
260,234,1,3,96,869,1203,0
261,236,0,2,96,869,1203,0
262,235,1,2,96,869,1203,0
263,236,0,2,96,869,1203,0
264,237,0,1,96,869,1203,0
265,237,0,1,96,869,1203,0
266,236,0,2,96,869,1203,0
267,236,1,1,96,869,1203,0
268,237,0,1,96,869,1203,0
269,236,0,2,96,869,1203,0
270,236,0,2,96,869,1203,0
271,236,1,1,96,869,1203,0
272,237,0,1,96,869,1203,0
273,237,0,1,96,869,1203,0
274,237,0,1,96,869,1203,0
275,238,0,0,96,869,1203,0
276,238,0,0,96,869,1203,0
277,238,0,0,96,869,1203,0
278,238,0,0,96,869,1203,0
279,238,0,0,96,869,1203,0
280,238,0,0,96,869,1203,0
281,238,0,0,96,869,1203,0
282,238,0,0,96,869,1203,0
283,238,0,0,96,869,1203,0
284,238,0,0,96,869,1203,0
285,238,0,0,96,869,1203,0
286,238,0,0,96,869,1203,0
287,238,0,0,96,869,1203,0
288,238,0,0,96,869,1203,0
289,238,0,0,96,869,1203,0
290,238,0,0,96,869,1203,0
291,238,0,0,96,869,1203,0
292,238,0,0,96,869,1203,0
293,238,0,0,96,869,1203,0
294,238,0,0,96,869,1203,0
295,238,0,0,96,869,1203,0
296,238,0,0,96,869,1203,0
297,238,0,0,96,869,1203,0
298,238,0,0,96,869,1203,0
299,238,0,0,96,869,1203,0
300,238,0,0,96,869,1203,0
301,238,0,0,96,869,1203,0
302,238,0,0,96,869,1203,0
303,238,0,0,96,869,1203,0
304,238,0,0,96,869,1203,0
305,238,0,0,96,869,1203,0
306,238,0,0,96,869,1203,0
307,238,0,0,96,869,1203,0
308,238,0,0,96,869,1203,0
309,238,0,0,96,869,1203,0
310,238,0,0,96,869,1203,0
311,238,0,0,96,869,1203,0
312,238,0,0,96,869,1203,0
313,238,0,0,96,869,1203,0
314,238,0,0,96,869,1203,0
315,238,0,0,96,869,1203,0
316,238,0,0,96,869,1203,0
317,238,0,0,96,869,1203,0
318,238,0,0,96,869,1203,0
319,238,0,0,96,869,1203,0
320,238,0,0,96,869,1203,0
321,238,0,0,96,869,1203,0
322,238,0,0,96,869,1203,0
323,238,0,0,96,869,1203,0
324,238,0,0,96,869,1203,0
325,238,0,0,96,869,1203,0
326,238,0,0,96,869,1203,0
327,238,0,0,96,869,1203,0
328,238,0,0,96,869,1203,0
329,238,0,0,96,869,1203,0
330,238,0,0,96,869,1203,0
331,238,0,0,96,869,1203,0
332,238,0,0,96,869,1203,0
333,238,0,0,96,869,1203,0
334,238,0,0,96,869,1203,0
335,238,0,0,96,869,1203,0
336,238,0,0,96,869,1203,0
337,238,0,0,96,869,1203,0
338,238,0,0,96,869,1203,0
339,238,0,0,96,869,1203,0
340,238,0,0,96,869,1203,0
341,238,0,0,96,869,1203,0
342,238,0,0,96,869,1203,0
343,238,0,0,96,869,1203,0
344,238,0,0,96,869,1203,0
345,238,0,0,96,869,1203,0
346,238,0,0,96,869,1203,0
347,238,0,0,96,869,1203,0
348,238,0,0,96,869,1203,0
349,238,0,0,96,869,1203,0
350,238,0,0,96,869,1203,0
351,238,0,0,96,869,1203,0
352,238,0,0,96,869,1203,0
353,238,0,0,96,869,1203,0
354,238,0,0,96,869,1203,0
355,238,0,0,96,869,1203,0
356,238,0,0,96,869,1203,0
357,238,0,0,96,869,1203,0
358,238,0,0,96,869,1203,0
359,238,0,0,96,869,1203,0
360,238,0,0,96,869,1203,0
361,238,0,0,96,869,1203,0
362,238,0,0,96,869,1203,0
363,238,0,0,96,869,1203,0
364,238,0,0,96,869,1203,0
365,238,0,0,96,869,1203,0
366,238,0,0,96,869,1203,0
367,238,0,0,96,869,1203,0
368,238,0,0,96,869,1203,0
369,238,0,0,96,869,1203,0
370,238,0,0,96,869,1203,0
371,238,0,0,96,869,1203,0
372,238,0,0,96,869,1203,0
373,238,0,0,96,869,1203,0
374,238,0,0,96,869,1203,0
375,238,0,0,96,869,1203,0
376,238,0,0,96,869,1203,0
377,238,0,0,96,869,1203,0
378,238,0,0,96,869,1203,0
379,238,0,0,96,869,1203,0
380,238,0,0,96,869,1203,0
381,238,0,0,96,869,1203,0
382,238,0,0,96,869,1203,0
383,238,0,0,96,869,1203,0
384,238,0,0,96,869,1203,0
385,238,0,0,96,869,1203,0
386,238,0,0,96,869,1203,0
387,238,0,0,96,869,1203,0
388,238,0,0,96,869,1203,0
389,238,0,0,96,869,1203,0
390,238,0,0,96,869,1203,0
391,238,0,0,96,869,1203,0
392,238,0,0,96,869,1203,0
393,238,0,0,96,869,1203,0
394,238,0,0,96,869,1203,0
395,238,0,0,96,869,1203,0
396,238,0,0,96,869,1203,0
397,238,0,0,96,869,1203,0
398,238,0,0,96,869,1203,0
399,238,0,0,96,869,1203,0
400,238,0,0,96,869,1203,0
401,238,0,0,96,869,1203,0
402,238,0,0,96,869,1203,0
403,238,0,0,96,869,1203,0
404,238,0,0,96,869,1203,0
405,238,0,0,96,869,1203,0
406,238,0,0,96,869,1203,0
407,238,0,0,96,869,1203,0
408,238,0,0,96,869,1203,0
409,238,0,0,96,869,1203,0
410,238,0,0,96,869,1203,0
411,238,0,0,96,869,1203,0
412,238,0,0,96,869,1203,0
413,238,0,0,96,869,1203,0
414,238,0,0,96,869,1203,0
415,238,0,0,96,869,1203,0
416,238,0,0,96,869,1203,0
417,238,0,0,96,869,1203,0
418,238,0,0,96,869,1203,0
419,238,0,0,96,869,1203,0
420,238,0,0,96,869,1203,0
421,238,0,0,96,869,1203,0
422,238,0,0,96,869,1203,0
423,238,0,0,96,869,1203,0
424,238,0,0,96,869,1203,0
425,238,0,0,96,869,1203,0
426,238,0,0,96,869,1203,0
427,238,0,0,96,869,1203,0
428,238,0,0,96,869,1203,0
429,238,0,0,96,869,1203,0
430,238,0,0,96,869,1203,0
431,238,0,0,96,869,1203,0
432,238,0,0,96,869,1203,0
433,238,0,0,96,869,1203,0
434,238,0,0,96,869,1203,0
435,238,0,0,96,869,1203,0
436,238,0,0,96,869,1203,0
437,238,0,0,96,869,1203,0
438,238,0,0,96,869,1203,0
439,238,0,0,96,869,1203,0
440,238,0,0,96,869,1203,0
441,238,0,0,96,869,1203,0
442,238,0,0,96,869,1203,0
443,238,0,0,96,869,1203,0
444,238,0,0,96,869,1203,0
445,238,0,0,96,869,1203,0
446,238,0,0,96,869,1203,0
447,238,0,0,96,869,1203,0
448,238,0,0,96,869,1203,0
449,238,0,0,96,869,1203,0
450,238,0,0,96,869,1203,0
451,238,0,0,96,869,1203,0
452,238,0,0,96,869,1203,0
453,238,0,0,96,869,1203,0
454,238,0,0,96,869,1203,0
455,238,0,0,96,869,1203,0
456,238,0,0,96,869,1203,0
457,238,0,0,96,869,1203,0
458,238,0,0,96,869,1203,0
459,238,0,0,96,869,1203,0
460,238,0,0,96,869,1203,0
461,238,0,0,96,869,1203,0
462,238,0,0,96,869,1203,0
463,238,0,0,96,869,1203,0
464,238,0,0,96,869,1203,0
465,238,0,0,96,869,1203,0
466,238,0,0,96,869,1203,0
467,238,0,0,96,869,1203,0
468,238,0,0,96,869,1203,0
469,238,0,0,96,869,1203,0
470,238,0,0,96,869,1203,0
471,238,0,0,96,869,1203,0
472,238,0,0,96,869,1203,0
473,238,0,0,96,869,1203,0
474,238,0,0,96,869,1203,0
475,238,0,0,96,869,1203,0
476,238,0,0,96,869,1203,0
477,238,0,0,96,869,1203,0
478,238,0,0,96,869,1203,0
479,238,0,0,96,869,1203,0
480,238,0,0,96,869,1203,0
481,238,0,0,96,869,1203,0
482,238,0,0,96,869,1203,0
483,238,0,0,96,869,1203,0
484,238,0,0,96,869,1203,0
485,238,0,0,96,869,1203,0
486,238,0,0,96,869,1203,0
487,238,0,0,96,869,1203,0
488,238,0,0,96,869,1203,0
489,238,0,0,96,869,1203,0
490,238,0,0,96,869,1203,0
491,238,0,0,96,869,1203,0
492,238,0,0,96,869,1203,0
493,238,0,0,96,869,1203,0
494,238,0,0,96,869,1203,0
495,238,0,0,96,869,1203,0
496,238,0,0,96,869,1203,0
497,238,0,0,96,869,1203,0
498,238,0,0,96,869,1203,0
499,238,0,0,96,869,1203,0
500,238,0,0,96,869,1203,0
501,238,0,0,96,869,1203,0
502,238,0,0,96,869,1203,0
503,238,0,0,96,869,1203,0
504,238,0,0,96,869,1203,0
505,238,0,0,96,869,1203,0
506,238,0,0,96,869,1203,0
507,238,0,0,96,869,1203,0
508,238,0,0,96,869,1203,0
509,238,0,0,96,869,1203,0
510,238,0,0,96,869,1203,0
511,238,0,0,96,869,1203,0
512,238,0,0,96,869,1203,0
513,238,0,0,96,869,1203,0
514,238,0,0,96,869,1203,0
515,238,0,0,96,869,1203,0
516,238,0,0,96,869,1203,0
517,238,0,0,96,869,1203,0
518,238,0,0,96,869,1203,0
519,238,0,0,96,869,1203,0
520,238,0,0,96,869,1203,0
521,238,0,0,96,869,1203,0
522,238,0,0,96,869,1203,0
523,238,0,0,96,869,1203,0
524,238,0,0,96,869,1203,0
525,238,0,0,96,869,1203,0
526,238,0,0,96,869,1203,0
527,238,0,0,96,869,1203,0
528,238,0,0,96,869,1203,0
529,238,0,0,96,869,1203,0
530,238,0,0,96,869,1203,0
531,238,0,0,96,869,1203,0
532,238,0,0,96,869,1203,0
533,238,0,0,96,869,1203,0
534,238,0,0,96,869,1203,0
535,238,0,0,96,869,1203,0
536,238,0,0,96,869,1203,0
537,238,0,0,96,869,1203,0
538,238,0,0,96,869,1203,0
539,238,0,0,96,869,1203,0
540,238,0,0,96,869,1203,0
541,238,0,0,96,869,1203,0
542,238,0,0,96,869,1203,0
543,238,0,0,96,869,1203,0
544,238,0,0,96,869,1203,0
545,238,0,0,96,869,1203,0
546,238,0,0,96,869,1203,0
547,238,0,0,96,869,1203,0
548,238,0,0,96,869,1203,0
549,238,0,0,96,869,1203,0
550,238,0,0,96,869,1203,0
551,238,0,0,96,869,1203,0
552,238,0,0,96,869,1203,0
553,238,0,0,96,869,1203,0
554,238,0,0,96,869,1203,0
555,238,0,0,96,869,1203,0
556,238,0,0,96,869,1203,0
557,238,0,0,96,869,1203,0
558,238,0,0,96,869,1203,0
559,238,0,0,96,869,1203,0
560,238,0,0,96,869,1203,0
561,238,0,0,96,869,1203,0
562,238,0,0,96,869,1203,0
563,238,0,0,96,869,1203,0
564,238,0,0,96,869,1203,0
565,238,0,0,96,869,1203,0
566,238,0,0,96,869,1203,0
567,238,0,0,96,869,1203,0
568,238,0,0,96,869,1203,0
569,238,0,0,96,869,1203,0
570,238,0,0,96,869,1203,0
571,238,0,0,96,869,1203,0
572,238,0,0,96,869,1203,0
573,238,0,0,96,869,1203,0
574,238,0,0,96,869,1203,0
575,238,0,0,96,869,1203,0
576,238,0,0,96,869,1203,0
577,238,0,0,96,869,1203,0
578,238,0,0,96,869,1203,0
579,238,0,0,96,869,1203,0
580,238,0,0,96,869,1203,0
581,238,0,0,96,869,1203,0
582,238,0,0,96,869,1203,0
583,238,0,0,96,869,1203,0
584,238,0,0,96,869,1203,0
585,238,0,0,96,869,1203,0
586,238,0,0,96,869,1203,0
587,238,0,0,96,869,1203,0
588,238,0,0,96,869,1203,0
589,238,0,0,96,869,1203,0
590,238,0,0,96,869,1203,0
591,238,0,0,96,869,1203,0
592,238,0,0,96,869,1203,0
593,238,0,0,96,869,1203,0
594,238,0,0,96,869,1203,0
595,238,0,0,96,869,1203,0
596,238,0,0,96,869,1203,0
597,238,0,0,96,869,1203,0
598,238,0,0,96,869,1203,0
599,238,0,0,96,869,1203,0
600,238,0,0,96,869,1203,0
601,238,0,0,96,869,1203,0
602,238,0,0,96,869,1203,0
603,238,0,0,96,869,1203,0
604,238,0,0,96,869,1203,0
605,238,0,0,96,869,1203,0
606,238,0,0,96,869,1203,0
607,238,0,0,96,869,1203,0
608,238,0,0,96,869,1203,0
609,238,0,0,96,869,1203,0
610,238,0,0,96,869,1203,0
611,238,0,0,96,869,1203,0
612,238,0,0,96,869,1203,0
613,238,0,0,96,869,1203,0
614,238,0,0,96,869,1203,0
615,238,0,0,96,869,1203,0
616,238,0,0,96,869,1203,0
617,238,0,0,96,869,1203,0
618,238,0,0,96,869,1203,0
619,238,0,0,96,869,1203,0
620,238,0,0,96,869,1203,0
621,238,0,0,96,869,1203,0
622,238,0,0,96,869,1203,0
623,238,0,0,96,869,1203,0
624,238,0,0,96,869,1203,0
625,238,0,0,96,869,1203,0
626,238,0,0,96,869,1203,0
627,238,0,0,96,869,1203,0
628,238,0,0,96,869,1203,0
629,238,0,0,96,869,1203,0
630,238,0,0,96,869,1203,0
631,238,0,0,96,869,1203,0
632,238,0,0,96,869,1203,0
633,238,0,0,96,869,1203,0
634,238,0,0,96,869,1203,0
635,238,0,0,96,869,1203,0
636,238,0,0,96,869,1203,0
637,238,0,0,96,869,1203,0
638,238,0,0,96,869,1203,0
639,238,0,0,96,869,1203,0
640,238,0,0,96,869,1203,0
641,238,0,0,96,869,1203,0
642,238,0,0,96,869,1203,0
643,238,0,0,96,869,1203,0
644,238,0,0,96,869,1203,0
645,238,0,0,96,869,1203,0
646,238,0,0,96,869,1203,0
647,238,0,0,96,869,1203,0
648,238,0,0,96,869,1203,0
649,238,0,0,96,869,1203,0
650,238,0,0,96,869,1203,0
651,238,0,0,96,869,1203,0
652,238,0,0,96,869,1203,0
653,238,0,0,96,869,1203,0
654,238,0,0,96,869,1203,0
655,238,0,0,96,869,1203,0
656,238,0,0,96,869,1203,0
657,238,0,0,96,869,1203,0
658,238,0,0,96,869,1203,0
659,238,0,0,96,869,1203,0
660,238,0,0,96,869,1203,0
661,238,0,0,96,869,1203,0
662,238,0,0,96,869,1203,0
663,238,0,0,96,869,1203,0
664,238,0,0,96,869,1203,0
665,238,0,0,96,869,1203,0
666,238,0,0,96,869,1203,0
667,238,0,0,96,869,1203,0
668,238,0,0,96,869,1203,0
669,238,0,0,96,869,1203,0
670,238,0,0,96,869,1203,0
671,238,0,0,96,869,1203,0
672,238,0,0,96,869,1203,0
673,238,0,0,96,869,1203,0
674,238,0,0,96,869,1203,0
675,238,0,0,96,869,1203,0
676,238,0,0,96,869,1203,0
677,238,0,0,96,869,1203,0
678,238,0,0,96,869,1203,0
679,238,0,0,96,869,1203,0
680,238,0,0,96,869,1203,0
681,238,0,0,96,869,1203,0
682,238,0,0,96,869,1203,0
683,238,0,0,96,869,1203,0
684,238,0,0,96,869,1203,0
685,238,0,0,96,869,1203,0
686,238,0,0,96,869,1203,0
687,238,0,0,96,869,1203,0
688,238,0,0,96,869,1203,0
689,238,0,0,96,869,1203,0
690,238,0,0,96,869,1203,0
691,238,0,0,96,869,1203,0
692,238,0,0,96,869,1203,0
693,238,0,0,96,869,1203,0
694,238,0,0,96,869,1203,0
695,238,0,0,96,869,1203,0
696,238,0,0,96,869,1203,0
697,238,0,0,96,869,1203,0
698,238,0,0,96,869,1203,0
699,238,0,0,96,869,1203,0
700,238,0,0,96,869,1203,0
701,238,0,0,96,869,1203,0
702,238,0,0,96,869,1203,0
703,238,0,0,96,869,1203,0
704,238,0,0,96,869,1203,0
705,238,0,0,96,869,1203,0
706,238,0,0,96,869,1203,0
707,238,0,0,96,869,1203,0
708,238,0,0,96,869,1203,0
709,238,0,0,96,869,1203,0
710,238,0,0,96,869,1203,0
711,238,0,0,96,869,1203,0
712,238,0,0,96,869,1203,0
713,238,0,0,96,869,1203,0
714,238,0,0,96,869,1203,0
715,238,0,0,96,869,1203,0
716,238,0,0,96,869,1203,0
717,238,0,0,96,869,1203,0
718,238,0,0,96,869,1203,0
719,238,0,0,96,869,1203,0
720,238,0,0,96,869,1203,0
721,238,0,0,96,869,1203,0
722,238,0,0,96,869,1203,0
723,238,0,0,96,869,1203,0
724,238,0,0,96,869,1203,0
725,238,0,0,96,869,1203,0
726,238,0,0,96,869,1203,0
727,238,0,0,96,869,1203,0
728,238,0,0,96,869,1203,0
729,238,0,0,96,869,1203,0
730,238,0,0,96,869,1203,0
731,238,0,0,96,869,1203,0
732,238,0,0,96,869,1203,0
733,238,0,0,96,869,1203,0
734,238,0,0,96,869,1203,0
735,238,0,0,96,869,1203,0
736,238,0,0,96,869,1203,0
737,238,0,0,96,869,1203,0
738,238,0,0,96,869,1203,0
739,238,0,0,96,869,1203,0
740,238,0,0,96,869,1203,0
741,238,0,0,96,869,1203,0
742,238,0,0,96,869,1203,0
743,238,0,0,96,869,1203,0
744,238,0,0,96,869,1203,0
745,238,0,0,96,869,1203,0
746,238,0,0,96,869,1203,0
747,238,0,0,96,869,1203,0
748,238,0,0,96,869,1203,0
749,238,0,0,96,869,1203,0
750,238,0,0,96,869,1203,0
751,238,0,0,96,869,1203,0
752,238,0,0,96,869,1203,0
753,238,0,0,96,869,1203,0
754,238,0,0,96,869,1203,0
755,238,0,0,96,869,1203,0
756,238,0,0,96,869,1203,0
757,238,0,0,96,869,1203,0
758,238,0,0,96,869,1203,0
759,238,0,0,96,869,1203,0
760,238,0,0,96,869,1203,0
761,238,0,0,96,869,1203,0
762,238,0,0,96,869,1203,0
763,238,0,0,96,869,1203,0
764,238,0,0,96,869,1203,0
765,238,0,0,96,869,1203,0
766,238,0,0,96,869,1203,0
767,238,0,0,96,869,1203,0
768,238,0,0,96,869,1203,0
769,238,0,0,96,869,1203,0
770,238,0,0,96,869,1203,0
771,238,0,0,96,869,1203,0
772,238,0,0,96,869,1203,0
773,238,0,0,96,869,1203,0
774,238,0,0,96,869,1203,0
775,238,0,0,96,869,1203,0
776,238,0,0,96,869,1203,0
777,238,0,0,96,869,1203,0
778,238,0,0,96,869,1203,0
779,238,0,0,96,869,1203,0
780,238,0,0,96,869,1203,0
781,238,0,0,96,869,1203,0
782,238,0,0,96,869,1203,0
783,238,0,0,96,869,1203,0
784,238,0,0,96,869,1203,0
785,238,0,0,96,869,1203,0
786,238,0,0,96,869,1203,0
787,238,0,0,96,869,1203,0
788,238,0,0,96,869,1203,0
789,238,0,0,96,869,1203,0
790,238,0,0,96,869,1203,0
791,238,0,0,96,869,1203,0
792,238,0,0,96,869,1203,0
793,238,0,0,96,869,1203,0
794,238,0,0,96,869,1203,0
795,238,0,0,96,869,1203,0
796,238,0,0,96,869,1203,0
797,238,0,0,96,869,1203,0
798,238,0,0,96,869,1203,0
799,238,0,0,96,869,1203,0
800,238,0,0,96,869,1203,0
801,238,0,0,96,869,1203,0
802,238,0,0,96,869,1203,0
803,238,0,0,96,869,1203,0
804,238,0,0,96,869,1203,0
805,238,0,0,96,869,1203,0
806,238,0,0,96,869,1203,0
807,238,0,0,96,869,1203,0
808,238,0,0,96,869,1203,0
809,238,0,0,96,869,1203,0
810,238,0,0,96,869,1203,0
811,238,0,0,96,869,1203,0
812,238,0,0,96,869,1203,0
813,238,0,0,96,869,1203,0
814,238,0,0,96,869,1203,0
815,238,0,0,96,869,1203,0
816,238,0,0,96,869,1203,0
817,238,0,0,96,869,1203,0
818,238,0,0,96,869,1203,0
819,238,0,0,96,869,1203,0
820,238,0,0,96,869,1203,0
821,238,0,0,96,869,1203,0
822,238,0,0,96,869,1203,0
823,238,0,0,96,869,1203,0
824,238,0,0,96,869,1203,0
825,238,0,0,96,869,1203,0
826,238,0,0,96,869,1203,0
827,238,0,0,96,869,1203,0
828,238,0,0,96,869,1203,0
829,238,0,0,96,869,1203,0
830,238,0,0,96,869,1203,0
831,238,0,0,96,869,1203,0
832,238,0,0,96,869,1203,0
833,238,0,0,96,869,1203,0
834,238,0,0,96,869,1203,0
835,238,0,0,96,869,1203,0
836,238,0,0,96,869,1203,0
837,238,0,0,96,869,1203,0
838,238,0,0,96,869,1203,0
839,238,0,0,96,869,1203,0
840,238,0,0,96,869,1203,0
841,238,0,0,96,869,1203,0
842,238,0,0,96,869,1203,0
843,238,0,0,96,869,1203,0
844,238,0,0,96,869,1203,0
845,238,0,0,96,869,1203,0
846,238,0,0,96,869,1203,0
847,238,0,0,96,869,1203,0
848,238,0,0,96,869,1203,0
849,238,0,0,96,869,1203,0
850,238,0,0,96,869,1203,0
851,238,0,0,96,869,1203,0
852,238,0,0,96,869,1203,0
853,238,0,0,96,869,1203,0
854,238,0,0,96,869,1203,0
855,238,0,0,96,869,1203,0
856,238,0,0,96,869,1203,0
857,238,0,0,96,869,1203,0
858,238,0,0,96,869,1203,0
859,238,0,0,96,869,1203,0
860,238,0,0,96,869,1203,0
861,238,0,0,96,869,1203,0
862,238,0,0,96,869,1203,0
863,238,0,0,96,869,1203,0
864,238,0,0,96,869,1203,0
865,238,0,0,96,869,1203,0
866,238,0,0,96,869,1203,0
867,238,0,0,96,869,1203,0
868,238,0,0,96,869,1203,0
869,238,0,0,96,869,1203,0
870,238,0,0,96,869,1203,0
871,238,0,0,96,869,1203,0
872,238,0,0,96,869,1203,0
873,238,0,0,96,869,1203,0
874,238,0,0,96,869,1203,0
875,238,0,0,96,869,1203,0
876,238,0,0,96,869,1203,0
877,238,0,0,96,869,1203,0
878,238,0,0,96,869,1203,0
879,238,0,0,96,869,1203,0
880,238,0,0,96,869,1203,0
881,238,0,0,96,869,1203,0
882,238,0,0,96,869,1203,0
883,238,0,0,96,869,1203,0
884,238,0,0,96,869,1203,0
885,238,0,0,96,869,1203,0
886,238,0,0,96,869,1203,0
887,238,0,0,96,869,1203,0
888,238,0,0,96,869,1203,0
889,238,0,0,96,869,1203,0
890,238,0,0,96,869,1203,0
891,238,0,0,96,869,1203,0
892,238,0,0,96,869,1203,0
893,238,0,0,96,869,1203,0
894,238,0,0,96,869,1203,0
895,238,0,0,96,869,1203,0
896,238,0,0,96,869,1203,0
897,238,0,0,96,869,1203,0
898,238,0,0,96,869,1203,0
899,238,0,0,96,869,1203,0
900,238,0,0,96,869,1203,0
901,238,0,0,96,869,1203,0
902,238,0,0,96,869,1203,0
903,238,0,0,96,869,1203,0
904,238,0,0,96,869,1203,0
905,238,0,0,96,869,1203,0
906,238,0,0,96,869,1203,0
907,238,0,0,96,869,1203,0
908,238,0,0,96,869,1203,0
909,238,0,0,96,869,1203,0
910,238,0,0,96,869,1203,0
911,238,0,0,96,869,1203,0
912,238,0,0,96,869,1203,0
913,238,0,0,96,869,1203,0
914,238,0,0,96,869,1203,0
915,238,0,0,96,869,1203,0
916,238,0,0,96,869,1203,0
917,238,0,0,96,869,1203,0
918,238,0,0,96,869,1203,0
919,238,0,0,96,869,1203,0
920,238,0,0,96,869,1203,0
921,238,0,0,96,869,1203,0
922,238,0,0,96,869,1203,0
923,238,0,0,96,869,1203,0
924,238,0,0,96,869,1203,0
925,238,0,0,96,869,1203,0
926,238,0,0,96,869,1203,0
927,238,0,0,96,869,1203,0
928,238,0,0,96,869,1203,0
929,238,0,0,96,869,1203,0
930,238,0,0,96,869,1203,0
931,238,0,0,96,869,1203,0
932,238,0,0,96,869,1203,0
933,238,0,0,96,869,1203,0
934,238,0,0,96,869,1203,0
935,238,0,0,96,869,1203,0
936,238,0,0,96,869,1203,0
937,238,0,0,96,869,1203,0
938,238,0,0,96,869,1203,0
939,238,0,0,96,869,1203,0
940,238,0,0,96,869,1203,0
941,238,0,0,96,869,1203,0
942,238,0,0,96,869,1203,0
943,238,0,0,96,869,1203,0
944,238,0,0,96,869,1203,0
945,238,0,0,96,869,1203,0
946,238,0,0,96,869,1203,0
947,238,0,0,96,869,1203,0
948,238,0,0,96,869,1203,0
949,238,0,0,96,869,1203,0
950,238,0,0,96,869,1203,0
951,238,0,0,96,869,1203,0
952,238,0,0,96,869,1203,0
953,238,0,0,96,869,1203,0
954,238,0,0,96,869,1203,0
955,238,0,0,96,869,1203,0
956,238,0,0,96,869,1203,0
957,238,0,0,96,869,1203,0
958,238,0,0,96,869,1203,0
959,238,0,0,96,869,1203,0
960,238,0,0,96,869,1203,0
961,238,0,0,96,869,1203,0
962,238,0,0,96,869,1203,0
963,238,0,0,96,869,1203,0
964,238,0,0,96,869,1203,0
965,238,0,0,96,869,1203,0
966,238,0,0,96,869,1203,0
967,238,0,0,96,869,1203,0
968,238,0,0,96,869,1203,0
969,238,0,0,96,869,1203,0
970,238,0,0,96,869,1203,0
971,238,0,0,96,869,1203,0
972,238,0,0,96,869,1203,0
973,238,0,0,96,869,1203,0
974,238,0,0,96,869,1203,0
975,238,0,0,96,869,1203,0
976,238,0,0,96,869,1203,0
977,238,0,0,96,869,1203,0
978,238,0,0,96,869,1203,0
979,238,0,0,96,869,1203,0
980,238,0,0,96,869,1203,0
981,238,0,0,96,869,1203,0
982,238,0,0,96,869,1203,0
983,238,0,0,96,869,1203,0
984,238,0,0,96,869,1203,0
985,238,0,0,96,869,1203,0
986,238,0,0,96,869,1203,0
987,238,0,0,96,869,1203,0
988,238,0,0,96,869,1203,0
989,238,0,0,96,869,1203,0
990,238,0,0,96,869,1203,0
991,238,0,0,96,869,1203,0
992,238,0,0,96,869,1203,0
993,238,0,0,96,869,1203,0
994,238,0,0,96,869,1203,0
995,238,0,0,96,869,1203,0
996,238,0,0,96,869,1203,0
997,238,0,0,96,869,1203,0
998,238,0,0,96,869,1203,0
999,238,0,0,96,869,1200,3
1000,238,0,0,96,869,1200,3
1001,238,0,0,96,869,1200,3
1002,238,0,0,96,869,1200,3
1003,238,0,0,96,869,1200,3
1004,238,0,0,96,869,1200,3
1005,238,0,0,96,869,1200,3
1006,238,0,0,96,869,1200,3
1007,238,0,0,96,869,1200,3
1008,238,0,0,96,869,1200,3
1009,238,0,0,96,869,1200,3
1010,238,0,0,96,869,1200,3
1011,238,0,0,96,869,1200,3
1012,238,0,0,96,869,1200,3
1013,238,0,0,96,869,1200,3
1014,238,0,0,96,869,1200,3
1015,238,0,0,96,869,1200,3
1016,238,0,0,96,869,1200,3
1017,238,0,0,96,869,1200,3
1018,238,0,0,96,869,1200,3
1019,238,0,0,96,869,1200,3
1020,238,0,0,96,869,1200,3
1021,238,0,0,96,869,1200,3
1022,238,0,0,96,869,1200,3
1023,238,0,0,96,869,1200,3
1024,238,0,0,96,869,1200,3
1025,238,0,0,96,869,1200,3
1026,238,0,0,96,869,1200,3
1027,238,0,0,96,869,1200,3
1028,238,0,0,96,869,1200,3
1029,238,0,0,96,869,1200,3
1030,238,0,0,96,869,1200,3
1031,238,0,0,96,869,1200,3
1032,238,0,0,96,869,1200,3
1033,238,0,0,96,869,1200,3
1034,238,0,0,96,869,1200,3
1035,238,0,0,96,869,1200,3
1036,238,0,0,96,869,1200,3
1037,238,0,0,96,869,1200,3
1038,238,0,0,96,869,1200,3
1039,238,0,0,96,869,1200,3
1040,238,0,0,96,869,1200,3
1041,238,0,0,96,869,1200,3
1042,238,0,0,96,869,1200,3
1043,238,0,0,96,869,1200,3
1044,238,0,0,96,869,1200,3
1045,238,0,0,96,869,1200,3
1046,238,0,0,96,869,1200,3
1047,238,0,0,96,869,1200,3
1048,238,0,0,96,869,1200,3
1049,238,0,0,96,869,1200,3
1050,238,0,0,96,869,1200,3
1051,238,0,0,96,869,1200,3
1052,238,0,0,96,869,1200,3
1053,238,0,0,96,869,1200,3
1054,238,0,0,96,869,1200,3
1055,238,0,0,96,869,1200,3
1056,238,0,0,96,869,1200,3
1057,238,0,0,96,869,1200,3
1058,238,0,0,96,869,1200,3
1059,238,0,0,96,869,1200,3
1060,238,0,0,96,869,1200,3
1061,238,0,0,96,869,1200,3
1062,238,0,0,96,869,1200,3
1063,238,0,0,96,869,1200,3
1064,238,0,0,96,869,1200,3
1065,238,0,0,96,869,1200,3
1066,238,0,0,96,869,1200,3
1067,238,0,0,96,869,1200,3
1068,238,0,0,96,869,1200,3
1069,238,0,0,96,869,1200,3
1070,238,0,0,96,869,1200,3
1071,238,0,0,96,869,1200,3
1072,238,0,0,96,869,1200,3
1073,238,0,0,96,869,1200,3
1074,238,0,0,96,869,1200,3
1075,238,0,0,96,869,1200,3
1076,238,0,0,96,869,1200,3
1077,238,0,0,96,869,1200,3
1078,238,0,0,96,869,1200,3
1079,238,0,0,96,869,1200,3
1080,238,0,0,96,869,1200,3
1081,238,0,0,96,869,1200,3
1082,238,0,0,96,869,1200,3
1083,238,0,0,96,869,1200,3
1084,238,0,0,96,869,1200,3
1085,238,0,0,96,869,1200,3
1086,238,0,0,96,869,1200,3
1087,238,0,0,96,869,1200,3
1088,238,0,0,96,869,1200,3
1089,238,0,0,96,869,1200,3
1090,238,0,0,96,869,1200,3
1091,238,0,0,96,869,1200,3
1092,238,0,0,96,869,1200,3
1093,238,0,0,96,869,1200,3
1094,238,0,0,96,869,1200,3
1095,238,0,0,96,869,1200,3
1096,238,0,0,96,869,1200,3
1097,238,0,0,96,869,1200,3
1098,238,0,0,96,869,1200,3
1099,238,0,0,96,869,1200,3
1100,238,0,0,96,869,1200,3
1101,238,0,0,96,869,1200,3
1102,238,0,0,96,869,1200,3
1103,238,0,0,96,869,1200,3
1104,238,0,0,96,869,1200,3
1105,238,0,0,96,869,1200,3
1106,238,0,0,96,869,1200,3
1107,238,0,0,96,869,1200,3
1108,238,0,0,96,869,1200,3
1109,238,0,0,96,869,1200,3
1110,238,0,0,96,869,1200,3
1111,238,0,0,96,869,1200,3
1112,238,0,0,96,869,1200,3
1113,238,0,0,96,869,1200,3
1114,238,0,0,96,869,1200,3
1115,238,0,0,96,869,1200,3
1116,238,0,0,96,869,1200,3
1117,238,0,0,96,869,1200,3
1118,238,0,0,96,869,1200,3
1119,238,0,0,96,869,1200,3
1120,238,0,0,96,869,1200,3
1121,238,0,0,96,869,1200,3
1122,238,0,0,96,869,1200,3
1123,238,0,0,96,869,1200,3
1124,238,0,0,96,869,1200,3
1125,238,0,0,96,869,1200,3
1126,238,0,0,96,869,1200,3
1127,238,0,0,96,869,1200,3
1128,238,0,0,96,869,1200,3
1129,238,0,0,96,869,1200,3
1130,238,0,0,96,869,1200,3
1131,238,0,0,96,869,1200,3
1132,238,0,0,96,869,1200,3
1133,238,0,0,96,869,1200,3
1134,238,0,0,96,869,1200,3
1135,238,0,0,96,869,1200,3
1136,238,0,0,96,869,1200,3
1137,238,0,0,96,869,1200,3
1138,238,0,0,96,869,1200,3
1139,238,0,0,96,869,1200,3
1140,238,0,0,96,869,1200,3
1141,238,0,0,96,869,1200,3
1142,238,0,0,96,869,1200,3
1143,238,0,0,96,869,1200,3
1144,238,0,0,96,869,1200,3
1145,238,0,0,96,869,1200,3
1146,238,0,0,96,869,1200,3
1147,238,0,0,96,869,1200,3
1148,238,0,0,96,869,1200,3
1149,238,0,0,96,869,1200,3
1150,238,0,0,96,869,1200,3
1151,238,0,0,96,869,1200,3
1152,238,0,0,96,869,1200,3
1153,238,0,0,96,869,1200,3
1154,238,0,0,96,869,1200,3
1155,238,0,0,96,869,1200,3
1156,238,0,0,96,869,1200,3
1157,238,0,0,96,869,1200,3
1158,238,0,0,96,869,1200,3
1159,238,0,0,96,869,1200,3
1160,238,0,0,96,869,1200,3
1161,238,0,0,96,869,1200,3
1162,238,0,0,96,869,1200,3
1163,238,0,0,96,869,1200,3
1164,238,0,0,96,869,1200,3
1165,238,0,0,96,869,1200,3
1166,238,0,0,96,869,1200,3
1167,238,0,0,96,869,1200,3
1168,238,0,0,96,869,1200,3
1169,238,0,0,96,869,1200,3
1170,238,0,0,96,869,1200,3
1171,238,0,0,96,869,1200,3
1172,238,0,0,96,869,1200,3
1173,238,0,0,96,869,1200,3
1174,238,0,0,96,869,1200,3
1175,238,0,0,96,869,1200,3
1176,238,0,0,96,869,1200,3
1177,238,0,0,96,869,1200,3
1178,238,0,0,96,869,1200,3
1179,238,0,0,96,869,1200,3
1180,238,0,0,96,869,1200,3
1181,238,0,0,96,869,1200,3
1182,238,0,0,96,869,1200,3
1183,238,0,0,96,869,1200,3
1184,238,0,0,96,869,1200,3
1185,238,0,0,96,869,1200,3
1186,238,0,0,96,869,1200,3
1187,238,0,0,96,869,1200,3
1188,238,0,0,96,869,1200,3
1189,238,0,0,96,869,1200,3
1190,238,0,0,96,869,1200,3
1191,238,0,0,96,869,1200,3
1192,238,0,0,96,869,1200,3
1193,238,0,0,96,869,1200,3
1194,238,0,0,96,869,1200,3
1195,238,0,0,96,869,1200,3
1196,238,0,0,96,869,1200,3
1197,238,0,0,96,869,1200,3
1198,238,0,0,96,869,1200,3
1199,238,0,0,96,869,1200,3
1200,238,0,0,96,869,1200,3
1201,238,0,0,96,869,1200,3
1202,238,0,0,96,869,1200,3
1203,238,0,0,96,869,1200,3
1204,238,0,0,96,869,1200,3
1205,238,0,0,96,869,1200,3
1206,238,0,0,96,869,1200,3
1207,238,0,0,96,869,1200,3
1208,238,0,0,96,869,1200,3
1209,238,0,0,96,869,1200,3
1210,238,0,0,96,869,1200,3
1211,238,0,0,96,869,1200,3
1212,238,0,0,96,869,1200,3
1213,238,0,0,96,869,1200,3
1214,238,0,0,96,869,1200,3
1215,238,0,0,96,869,1200,3
1216,238,0,0,96,869,1200,3
1217,238,0,0,96,869,1200,3
1218,238,0,0,96,869,1200,3
1219,238,0,0,96,869,1200,3
1220,238,0,0,96,869,1200,3
1221,238,0,0,96,869,1200,3
1222,238,0,0,96,869,1200,3
1223,238,0,0,96,869,1200,3
1224,238,0,0,96,869,1200,3
1225,238,0,0,96,869,1200,3
1226,238,0,0,96,869,1200,3
1227,238,0,0,96,869,1200,3
1228,238,0,0,96,869,1200,3
1229,238,0,0,96,869,1200,3
1230,238,0,0,96,869,1200,3
1231,238,0,0,96,869,1200,3
1232,238,0,0,96,869,1200,3
1233,238,0,0,96,869,1200,3
1234,238,0,0,96,869,1200,3
1235,238,0,0,96,869,1200,3
1236,238,0,0,96,869,1200,3
1237,238,0,0,96,869,1200,3
1238,238,0,0,96,869,1200,3
1239,238,0,0,96,869,1200,3
1240,238,0,0,96,869,1200,3
1241,238,0,0,96,869,1200,3
1242,238,0,0,96,869,1200,3
1243,238,0,0,96,869,1200,3
1244,238,0,0,96,869,1200,3
1245,238,0,0,96,869,1200,3
1246,238,0,0,96,869,1200,3
1247,238,0,0,96,869,1200,3
1248,238,0,0,96,869,1200,3
1249,238,0,0,96,869,1200,3
1250,238,0,0,96,869,1200,3
1251,238,0,0,96,869,1200,3
1252,238,0,0,96,869,1200,3
1253,238,0,0,96,869,1200,3
1254,238,0,0,96,869,1200,3
1255,238,0,0,96,869,1200,3
1256,238,0,0,96,869,1200,3
1257,238,0,0,96,869,1200,3
1258,238,0,0,96,869,1200,3
1259,238,0,0,96,869,1200,3
1260,238,0,0,96,869,1200,3
1261,238,0,0,96,869,1200,3
1262,238,0,0,96,869,1200,3
1263,238,0,0,96,869,1200,3
1264,238,0,0,96,869,1200,3
1265,238,0,0,96,869,1200,3
1266,238,0,0,96,869,1200,3
1267,238,0,0,96,869,1200,3
1268,238,0,0,96,869,1200,3
1269,238,0,0,96,869,1200,3
1270,238,0,0,96,869,1200,3
1271,238,0,0,96,869,1200,3
1272,238,0,0,96,869,1200,3
1273,238,0,0,96,869,1200,3
1274,238,0,0,96,869,1200,3
1275,238,0,0,96,869,1200,3
1276,238,0,0,96,869,1200,3
1277,238,0,0,96,869,1200,3
1278,238,0,0,96,869,1200,3
1279,238,0,0,96,869,1200,3
1280,238,0,0,96,869,1200,3
1281,238,0,0,96,869,1200,3
1282,238,0,0,96,869,1200,3
1283,238,0,0,96,869,1200,3
1284,238,0,0,96,869,1200,3
1285,238,0,0,96,869,1200,3
1286,238,0,0,96,869,1200,3
1287,238,0,0,96,869,1200,3
1288,238,0,0,96,869,1200,3
1289,238,0,0,96,869,1200,3
1290,238,0,0,96,869,1200,3
1291,238,0,0,96,869,1200,3
1292,238,0,0,96,869,1200,3
1293,238,0,0,96,869,1200,3
1294,238,0,0,96,869,1200,3
1295,238,0,0,96,869,1200,3
1296,238,0,0,96,869,1200,3
1297,238,0,0,96,869,1200,3
1298,238,0,0,96,869,1200,3
1299,238,0,0,96,869,1200,3
1300,238,0,0,96,869,1200,3
1301,238,0,0,96,869,1200,3
1302,238,0,0,96,869,1200,3
1303,238,0,0,96,869,1200,3
1304,238,0,0,96,869,1200,3
1305,238,0,0,96,869,1200,3
1306,238,0,0,96,869,1200,3
1307,238,0,0,96,869,1200,3
1308,238,0,0,96,869,1200,3
1309,238,0,0,96,869,1200,3
1310,238,0,0,96,869,1200,3
1311,238,0,0,96,869,1200,3
1312,238,0,0,96,869,1200,3
1313,238,0,0,96,869,1200,3
1314,238,0,0,96,869,1200,3
1315,238,0,0,96,869,1200,3
1316,238,0,0,96,869,1200,3
1317,238,0,0,96,869,1200,3
1318,238,0,0,96,869,1200,3
1319,238,0,0,96,869,1200,3
1320,238,0,0,96,869,1200,3
1321,238,0,0,96,869,1200,3
1322,238,0,0,96,869,1200,3
1323,238,0,0,96,869,1200,3
1324,238,0,0,96,869,1200,3
1325,238,0,0,96,869,1200,3
1326,238,0,0,96,869,1200,3
1327,238,0,0,96,869,1200,3
1328,238,0,0,96,869,1200,3
1329,238,0,0,96,869,1200,3
1330,238,0,0,96,869,1200,3
1331,238,0,0,96,869,1200,3
1332,238,0,0,96,869,1200,3
1333,238,0,0,96,869,1200,3
1334,238,0,0,96,869,1200,3
1335,238,0,0,96,869,1200,3
1336,238,0,0,96,869,1200,3
1337,238,0,0,96,869,1200,3
1338,238,0,0,96,869,1200,3
1339,238,0,0,96,869,1200,3
1340,238,0,0,96,869,1200,3
1341,238,0,0,96,869,1200,3
1342,238,0,0,96,869,1200,3
1343,238,0,0,96,869,1200,3
1344,238,0,0,96,869,1200,3
1345,238,0,0,96,869,1200,3
1346,238,0,0,96,869,1200,3
1347,238,0,0,96,869,1200,3
1348,238,0,0,96,869,1200,3
1349,238,0,0,96,869,1200,3
1350,238,0,0,96,869,1200,3
1351,238,0,0,96,869,1200,3
1352,238,0,0,96,869,1200,3
1353,238,0,0,96,869,1200,3
1354,238,0,0,96,869,1200,3
1355,238,0,0,96,869,1200,3
1356,238,0,0,96,869,1200,3
1357,238,0,0,96,869,1200,3
1358,238,0,0,96,869,1200,3
1359,238,0,0,96,869,1200,3
1360,238,0,0,96,869,1200,3
1361,238,0,0,96,869,1200,3
1362,238,0,0,96,869,1200,3
1363,238,0,0,96,869,1200,3
1364,238,0,0,96,869,1200,3
1365,238,0,0,96,869,1200,3
1366,238,0,0,96,869,1200,3
1367,238,0,0,96,869,1200,3
1368,238,0,0,96,869,1200,3
1369,238,0,0,96,869,1200,3
1370,238,0,0,96,869,1200,3
1371,238,0,0,96,869,1200,3
1372,238,0,0,96,869,1200,3
1373,238,0,0,96,869,1200,3
1374,238,0,0,96,869,1200,3
1375,238,0,0,96,869,1200,3
1376,238,0,0,96,869,1200,3
1377,238,0,0,96,869,1200,3
1378,238,0,0,96,869,1200,3
1379,238,0,0,96,869,1200,3
1380,238,0,0,96,869,1200,3
1381,238,0,0,96,869,1200,3
1382,238,0,0,96,869,1200,3
1383,238,0,0,96,869,1200,3
1384,238,0,0,96,869,1200,3
1385,238,0,0,96,869,1200,3
1386,238,0,0,96,869,1200,3
1387,238,0,0,96,869,1200,3
1388,238,0,0,96,869,1200,3
1389,238,0,0,96,869,1200,3
1390,238,0,0,96,869,1200,3
1391,238,0,0,96,869,1200,3
1392,238,0,0,96,869,1200,3
1393,238,0,0,96,869,1200,3
1394,238,0,0,96,869,1200,3
1395,238,0,0,96,869,1200,3
1396,238,0,0,96,869,1200,3
1397,238,0,0,96,869,1200,3
1398,238,0,0,96,869,1200,3
1399,238,0,0,96,869,1200,3
1400,238,0,0,96,869,1200,3
1401,238,0,0,96,869,1200,3
1402,238,0,0,96,869,1200,3
1403,238,0,0,96,869,1200,3
1404,238,0,0,96,869,1200,3
1405,238,0,0,96,869,1200,3
1406,238,0,0,96,869,1200,3
1407,238,0,0,96,869,1200,3
1408,238,0,0,96,869,1200,3
1409,238,0,0,96,869,1200,3
1410,238,0,0,96,869,1200,3
1411,238,0,0,96,869,1200,3
1412,238,0,0,96,869,1200,3
1413,238,0,0,96,869,1200,3
1414,238,0,0,96,869,1200,3
1415,238,0,0,96,869,1200,3
1416,238,0,0,96,869,1200,3
1417,238,0,0,96,869,1200,3
1418,238,0,0,96,869,1200,3
1419,238,0,0,96,869,1200,3
1420,238,0,0,96,869,1200,3
1421,238,0,0,96,869,1200,3
1422,238,0,0,96,869,1200,3
1423,238,0,0,96,869,1200,3
1424,238,0,0,96,869,1200,3
1425,238,0,0,96,869,1200,3
1426,238,0,0,96,869,1200,3
1427,238,0,0,96,869,1200,3
1428,238,0,0,96,869,1200,3
1429,238,0,0,96,869,1200,3
1430,238,0,0,96,869,1200,3
1431,238,0,0,96,869,1200,3
1432,238,0,0,96,869,1200,3
1433,238,0,0,96,869,1200,3
1434,238,0,0,96,869,1200,3
1435,238,0,0,96,869,1200,3
1436,238,0,0,96,869,1200,3
1437,238,0,0,96,869,1200,3
1438,238,0,0,96,869,1200,3
1439,238,0,0,96,869,1200,3
1440,238,0,0,96,869,1200,3
1441,238,0,0,96,869,1200,3
1442,238,0,0,96,869,1200,3
1443,238,0,0,96,869,1200,3
1444,238,0,0,96,869,1200,3
1445,238,0,0,96,869,1200,3
1446,238,0,0,96,869,1200,3
1447,238,0,0,96,869,1200,3
1448,238,0,0,96,869,1200,3
1449,238,0,0,96,869,1200,3
1450,238,0,0,96,869,1200,3
1451,238,0,0,96,869,1200,3
1452,238,0,0,96,869,1200,3
1453,238,0,0,96,869,1200,3
1454,238,0,0,96,869,1200,3
1455,238,0,0,96,869,1200,3
1456,238,0,0,96,869,1200,3
1457,238,0,0,96,869,1200,3
1458,238,0,0,96,869,1200,3
1459,238,0,0,96,869,1200,3
1460,238,0,0,96,869,1200,3
1461,238,0,0,96,869,1200,3
1462,238,0,0,96,869,1200,3
1463,238,0,0,96,869,1200,3
1464,238,0,0,96,869,1200,3
1465,238,0,0,96,869,1200,3
1466,238,0,0,96,869,1200,3
1467,238,0,0,96,869,1200,3
1468,238,0,0,96,869,1200,3
1469,238,0,0,96,869,1200,3
1470,238,0,0,96,869,1200,3
1471,238,0,0,96,869,1200,3
1472,238,0,0,96,869,1200,3
1473,238,0,0,96,869,1200,3
1474,238,0,0,96,869,1200,3
1475,238,0,0,96,869,1200,3
1476,238,0,0,96,869,1200,3
1477,238,0,0,96,869,1200,3
1478,238,0,0,96,869,1200,3
1479,238,0,0,96,869,1200,3
1480,238,0,0,96,869,1200,3
1481,238,0,0,96,869,1200,3
1482,238,0,0,96,869,1200,3
1483,238,0,0,96,869,1200,3
1484,238,0,0,96,869,1200,3
1485,238,0,0,96,869,1200,3
1486,238,0,0,96,869,1200,3
1487,238,0,0,96,869,1200,3
1488,238,0,0,96,869,1200,3
1489,238,0,0,96,869,1200,3
1490,238,0,0,96,869,1200,3
1491,238,0,0,96,869,1200,3
1492,238,0,0,96,869,1200,3
1493,238,0,0,96,869,1200,3
1494,238,0,0,96,869,1200,3
1495,238,0,0,96,869,1200,3
1496,238,0,0,96,869,1200,3
1497,238,0,0,96,869,1200,3
1498,238,0,0,96,869,1200,3
1499,238,0,0,96,869,1200,3
1500,238,0,0,96,869,1200,3
1501,238,0,0,96,869,1200,3
1502,238,0,0,96,869,1200,3
1503,238,0,0,96,869,1200,3
1504,238,0,0,96,869,1200,3
1505,238,0,0,96,869,1200,3
1506,238,0,0,96,869,1200,3
1507,238,0,0,96,869,1200,3
1508,238,0,0,96,869,1200,3
1509,238,0,0,96,869,1200,3
1510,238,0,0,96,869,1200,3
1511,238,0,0,96,869,1200,3
1512,238,0,0,96,869,1200,3
1513,238,0,0,96,869,1200,3
1514,238,0,0,96,869,1200,3
1515,238,0,0,96,869,1200,3
1516,238,0,0,96,869,1200,3
1517,238,0,0,96,869,1200,3
1518,238,0,0,96,869,1200,3
1519,238,0,0,96,869,1200,3
1520,238,0,0,96,869,1200,3
1521,238,0,0,96,869,1200,3
1522,238,0,0,96,869,1200,3
1523,238,0,0,96,869,1200,3
1524,238,0,0,96,869,1200,3
1525,238,0,0,96,869,1200,3
1526,238,0,0,96,869,1200,3
1527,238,0,0,96,869,1200,3
1528,238,0,0,96,869,1200,3
1529,238,0,0,96,869,1200,3
1530,238,0,0,96,869,1200,3
1531,238,0,0,96,869,1200,3
1532,238,0,0,96,869,1200,3
1533,238,0,0,96,869,1200,3
1534,238,0,0,96,869,1200,3
1535,238,0,0,96,869,1200,3
1536,238,0,0,96,869,1200,3
1537,238,0,0,96,869,1200,3
1538,238,0,0,96,869,1200,3
1539,238,0,0,96,869,1200,3
1540,238,0,0,96,869,1200,3
1541,238,0,0,96,869,1200,3
1542,238,0,0,96,869,1200,3
1543,238,0,0,96,869,1200,3
1544,238,0,0,96,869,1200,3
1545,238,0,0,96,869,1200,3
1546,238,0,0,96,869,1200,3
1547,238,0,0,96,869,1200,3
1548,238,0,0,96,869,1200,3
1549,238,0,0,96,869,1200,3
1550,238,0,0,96,869,1200,3
1551,238,0,0,96,869,1200,3
1552,238,0,0,96,869,1200,3
1553,238,0,0,96,869,1200,3
1554,238,0,0,96,869,1200,3
1555,238,0,0,96,869,1200,3
1556,238,0,0,96,869,1200,3
1557,238,0,0,96,869,1200,3
1558,238,0,0,96,869,1200,3
1559,238,0,0,96,869,1200,3
1560,238,0,0,96,869,1200,3
1561,238,0,0,96,869,1200,3
1562,238,0,0,96,869,1200,3
1563,238,0,0,96,869,1200,3
1564,238,0,0,96,869,1200,3
1565,238,0,0,96,869,1200,3
1566,238,0,0,96,869,1200,3
1567,238,0,0,96,869,1200,3
1568,238,0,0,96,869,1200,3
1569,238,0,0,96,869,1200,3
1570,238,0,0,96,869,1200,3
1571,238,0,0,96,869,1200,3
1572,238,0,0,96,869,1200,3
1573,238,0,0,96,869,1200,3
1574,238,0,0,96,869,1200,3
1575,238,0,0,96,869,1200,3
1576,238,0,0,96,869,1200,3
1577,238,0,0,96,869,1200,3
1578,238,0,0,96,869,1200,3
1579,238,0,0,96,869,1200,3
1580,238,0,0,96,869,1200,3
1581,238,0,0,96,869,1200,3
1582,238,0,0,96,869,1200,3
1583,238,0,0,96,869,1200,3
1584,238,0,0,96,869,1200,3
1585,238,0,0,96,869,1200,3
1586,238,0,0,96,869,1200,3
1587,238,0,0,96,869,1200,3
1588,238,0,0,96,869,1200,3
1589,238,0,0,96,869,1200,3
1590,238,0,0,96,869,1200,3
1591,238,0,0,96,869,1200,3
1592,238,0,0,96,869,1200,3
1593,238,0,0,96,869,1200,3
1594,238,0,0,96,869,1200,3
1595,238,0,0,96,869,1200,3
1596,238,0,0,96,869,1200,3
1597,238,0,0,96,869,1200,3
1598,238,0,0,96,869,1200,3
1599,238,0,0,96,869,1200,3
1600,238,0,0,96,869,1200,3
1601,238,0,0,96,869,1200,3
1602,238,0,0,96,869,1200,3
1603,238,0,0,96,869,1200,3
1604,238,0,0,96,869,1200,3
1605,238,0,0,96,869,1200,3
1606,238,0,0,96,869,1200,3
1607,238,0,0,96,869,1200,3
1608,238,0,0,96,869,1200,3
1609,238,0,0,96,869,1200,3
1610,238,0,0,96,869,1200,3
1611,238,0,0,96,869,1200,3
1612,238,0,0,96,869,1200,3
1613,238,0,0,96,869,1200,3
1614,238,0,0,96,869,1200,3
1615,238,0,0,96,869,1200,3
1616,238,0,0,96,869,1200,3
1617,238,0,0,96,869,1200,3
1618,238,0,0,96,869,1200,3
1619,238,0,0,96,869,1200,3
1620,238,0,0,96,869,1200,3
1621,238,0,0,96,869,1200,3
1622,238,0,0,96,869,1200,3
1623,238,0,0,96,869,1200,3
1624,238,0,0,96,869,1200,3
1625,238,0,0,96,869,1200,3
1626,238,0,0,96,869,1200,3
1627,238,0,0,96,869,1200,3
1628,238,0,0,96,869,1200,3
1629,238,0,0,96,869,1200,3
1630,238,0,0,96,869,1200,3
1631,238,0,0,96,869,1200,3
1632,238,0,0,96,869,1200,3
1633,238,0,0,96,869,1200,3
1634,238,0,0,96,869,1200,3
1635,238,0,0,96,869,1200,3
1636,238,0,0,96,869,1200,3
1637,238,0,0,96,869,1200,3
1638,238,0,0,96,869,1200,3
1639,238,0,0,96,869,1200,3
1640,238,0,0,96,869,1200,3
1641,238,0,0,96,869,1200,3
1642,238,0,0,96,869,1200,3
1643,238,0,0,96,869,1200,3
1644,238,0,0,96,869,1200,3
1645,238,0,0,96,869,1200,3
1646,238,0,0,96,869,1200,3
1647,238,0,0,96,869,1200,3
1648,238,0,0,96,869,1200,3
1649,238,0,0,96,869,1200,3
1650,238,0,0,96,869,1200,3
1651,238,0,0,96,869,1200,3
1652,238,0,0,96,869,1200,3
1653,238,0,0,96,869,1200,3
1654,238,0,0,96,869,1200,3
1655,238,0,0,96,869,1200,3
1656,238,0,0,96,869,1200,3
1657,238,0,0,96,869,1200,3
1658,238,0,0,96,869,1200,3
1659,238,0,0,96,869,1200,3
1660,238,0,0,96,869,1200,3
1661,238,0,0,96,869,1200,3
1662,238,0,0,96,869,1200,3
1663,238,0,0,96,869,1200,3
1664,238,0,0,96,869,1200,3
1665,238,0,0,96,869,1200,3
1666,238,0,0,96,869,1200,3
1667,238,0,0,96,869,1200,3
1668,238,0,0,96,869,1200,3
1669,238,0,0,96,869,1200,3
1670,238,0,0,96,869,1200,3
1671,238,0,0,96,869,1200,3
1672,238,0,0,96,869,1200,3
1673,238,0,0,96,869,1200,3
1674,238,0,0,96,869,1200,3
1675,238,0,0,96,869,1200,3
1676,238,0,0,96,869,1200,3
1677,238,0,0,96,869,1200,3
1678,238,0,0,96,869,1200,3
1679,238,0,0,96,869,1200,3
1680,238,0,0,96,869,1200,3
1681,238,0,0,96,869,1200,3
1682,238,0,0,96,869,1200,3
1683,238,0,0,96,869,1200,3
1684,238,0,0,96,869,1200,3
1685,238,0,0,96,869,1200,3
1686,238,0,0,96,869,1200,3
1687,238,0,0,96,869,1200,3
1688,238,0,0,96,869,1200,3
1689,238,0,0,96,869,1200,3
1690,238,0,0,96,869,1200,3
1691,238,0,0,96,869,1200,3
1692,238,0,0,96,869,1200,3
1693,238,0,0,96,869,1200,3
1694,238,0,0,96,869,1200,3
1695,238,0,0,96,869,1200,3
1696,238,0,0,96,869,1200,3
1697,238,0,0,96,869,1200,3
1698,238,0,0,96,869,1200,3
1699,238,0,0,96,869,1200,3
1700,238,0,0,96,869,1200,3
1701,238,0,0,96,869,1200,3
1702,238,0,0,96,869,1200,3
1703,238,0,0,96,869,1200,3
1704,238,0,0,96,869,1200,3
1705,238,0,0,96,869,1200,3
1706,238,0,0,96,869,1200,3
1707,238,0,0,96,869,1200,3
1708,238,0,0,96,869,1200,3
1709,238,0,0,96,869,1200,3
1710,238,0,0,96,869,1200,3
1711,238,0,0,96,869,1200,3
1712,238,0,0,96,869,1200,3
1713,238,0,0,96,869,1200,3
1714,238,0,0,96,869,1200,3
1715,238,0,0,96,869,1200,3
1716,238,0,0,96,869,1200,3
1717,238,0,0,96,869,1200,3
1718,238,0,0,96,869,1200,3
1719,238,0,0,96,869,1200,3
1720,238,0,0,96,869,1200,3
1721,238,0,0,96,869,1200,3
1722,238,0,0,96,869,1200,3
1723,238,0,0,96,869,1200,3
1724,238,0,0,96,869,1200,3
1725,238,0,0,96,869,1200,3
1726,238,0,0,96,869,1200,3
1727,238,0,0,96,869,1200,3
1728,238,0,0,96,869,1200,3
1729,238,0,0,96,869,1200,3
1730,238,0,0,96,869,1200,3
1731,238,0,0,96,869,1200,3
1732,238,0,0,96,869,1200,3
1733,238,0,0,96,869,1200,3
1734,238,0,0,96,869,1200,3
1735,238,0,0,96,869,1200,3
1736,238,0,0,96,869,1200,3
1737,238,0,0,96,869,1200,3
1738,238,0,0,96,869,1200,3
1739,238,0,0,96,869,1200,3
1740,238,0,0,96,869,1200,3
1741,238,0,0,96,869,1200,3
1742,238,0,0,96,869,1200,3
1743,238,0,0,96,869,1200,3
1744,238,0,0,96,869,1200,3
1745,238,0,0,96,869,1200,3
1746,238,0,0,96,869,1200,3
1747,238,0,0,96,869,1200,3
1748,238,0,0,96,869,1200,3
1749,238,0,0,96,869,1200,3
1750,238,0,0,96,869,1200,3
1751,238,0,0,96,869,1200,3
1752,238,0,0,96,869,1200,3
1753,238,0,0,96,869,1200,3
1754,238,0,0,96,869,1200,3
1755,238,0,0,96,869,1200,3
1756,238,0,0,96,869,1200,3
1757,238,0,0,96,869,1200,3
1758,238,0,0,96,869,1200,3
1759,238,0,0,96,869,1200,3
1760,238,0,0,96,869,1200,3
1761,238,0,0,96,869,1200,3
1762,238,0,0,96,869,1200,3
1763,238,0,0,96,869,1200,3
1764,238,0,0,96,869,1200,3
1765,238,0,0,96,869,1200,3
1766,238,0,0,96,869,1200,3
1767,238,0,0,96,869,1200,3
1768,238,0,0,96,869,1200,3
1769,238,0,0,96,869,1200,3
1770,238,0,0,96,869,1200,3
1771,238,0,0,96,869,1200,3
1772,238,0,0,96,869,1200,3
1773,238,0,0,96,869,1200,3
1774,238,0,0,96,869,1200,3
1775,238,0,0,96,869,1200,3
1776,238,0,0,96,869,1200,3
1777,238,0,0,96,869,1200,3
1778,238,0,0,96,869,1200,3
1779,238,0,0,96,869,1200,3
1780,238,0,0,96,869,1200,3
1781,238,0,0,96,869,1200,3
1782,238,0,0,96,869,1200,3
1783,238,0,0,96,869,1200,3
1784,238,0,0,96,869,1200,3
1785,238,0,0,96,869,1200,3
1786,238,0,0,96,869,1200,3
1787,238,0,0,96,869,1200,3
1788,238,0,0,96,869,1200,3
1789,238,0,0,96,869,1200,3
1790,238,0,0,96,869,1200,3
1791,238,0,0,96,869,1200,3
1792,238,0,0,96,869,1200,3
1793,238,0,0,96,869,1200,3
1794,238,0,0,96,869,1200,3
1795,238,0,0,96,869,1200,3
1796,238,0,0,96,869,1200,3
1797,238,0,0,96,869,1200,3
1798,238,0,0,96,869,1200,3
1799,238,0,0,96,869,1200,3
1800,238,0,0,96,869,1200,3
1801,238,0,0,96,869,1200,3
1802,238,0,0,96,869,1200,3
1803,238,0,0,96,869,1200,3
1804,238,0,0,96,869,1200,3
1805,238,0,0,96,869,1200,3
1806,238,0,0,96,869,1200,3
1807,238,0,0,96,869,1200,3
1808,238,0,0,96,869,1200,3
1809,238,0,0,96,869,1200,3
1810,238,0,0,96,869,1200,3
1811,238,0,0,96,869,1200,3
1812,238,0,0,96,869,1200,3
1813,238,0,0,96,869,1200,3
1814,238,0,0,96,869,1200,3
1815,238,0,0,96,869,1200,3
1816,238,0,0,96,869,1200,3
1817,238,0,0,96,869,1200,3
1818,238,0,0,96,869,1200,3
1819,238,0,0,96,869,1200,3
1820,238,0,0,96,869,1200,3
1821,238,0,0,96,869,1200,3
1822,238,0,0,96,869,1200,3
1823,238,0,0,96,869,1200,3
1824,238,0,0,96,869,1200,3
1825,238,0,0,96,869,1200,3
1826,238,0,0,96,869,1200,3
1827,238,0,0,96,869,1200,3
1828,238,0,0,96,869,1200,3
1829,238,0,0,96,869,1200,3
1830,238,0,0,96,869,1200,3
1831,238,0,0,96,869,1200,3
1832,238,0,0,96,869,1200,3
1833,238,0,0,96,869,1200,3
1834,238,0,0,96,869,1200,3
1835,238,0,0,96,869,1200,3
1836,238,0,0,96,869,1200,3
1837,238,0,0,96,869,1200,3
1838,238,0,0,96,869,1200,3
1839,238,0,0,96,869,1200,3
1840,238,0,0,96,869,1200,3
1841,238,0,0,96,869,1200,3
1842,238,0,0,96,869,1200,3
1843,238,0,0,96,869,1200,3
1844,238,0,0,96,869,1200,3
1845,238,0,0,96,869,1200,3
1846,238,0,0,96,869,1200,3
1847,238,0,0,96,869,1200,3
1848,238,0,0,96,869,1200,3
1849,238,0,0,96,869,1200,3
1850,238,0,0,96,869,1200,3
1851,238,0,0,96,869,1200,3
1852,238,0,0,96,869,1200,3
1853,238,0,0,96,869,1200,3
1854,238,0,0,96,869,1200,3
1855,238,0,0,96,869,1200,3
1856,238,0,0,96,869,1200,3
1857,238,0,0,96,869,1200,3
1858,238,0,0,96,869,1200,3
1859,238,0,0,96,869,1200,3
1860,238,0,0,96,869,1200,3
1861,238,0,0,96,869,1200,3
1862,238,0,0,96,869,1200,3
1863,238,0,0,96,869,1200,3
1864,238,0,0,96,869,1200,3
1865,238,0,0,96,869,1200,3
1866,238,0,0,96,869,1200,3
1867,238,0,0,96,869,1200,3
1868,238,0,0,96,869,1200,3
1869,238,0,0,96,869,1200,3
1870,238,0,0,96,869,1200,3
1871,238,0,0,96,869,1200,3
1872,238,0,0,96,869,1200,3
1873,238,0,0,96,869,1200,3
1874,238,0,0,96,869,1200,3
1875,238,0,0,96,869,1200,3
1876,238,0,0,96,869,1200,3
1877,238,0,0,96,869,1200,3
1878,238,0,0,96,869,1200,3
1879,238,0,0,96,869,1200,3
1880,238,0,0,96,869,1200,3
1881,238,0,0,96,869,1200,3
1882,238,0,0,96,869,1200,3
1883,238,0,0,96,869,1200,3
1884,238,0,0,96,869,1200,3
1885,238,0,0,96,869,1200,3
1886,238,0,0,96,869,1200,3
1887,238,0,0,96,869,1200,3
1888,238,0,0,96,869,1200,3
1889,238,0,0,96,869,1200,3
1890,238,0,0,96,869,1200,3
1891,238,0,0,96,869,1200,3
1892,238,0,0,96,869,1200,3
1893,238,0,0,96,869,1200,3
1894,238,0,0,96,869,1200,3
1895,238,0,0,96,869,1200,3
1896,238,0,0,96,869,1200,3
1897,238,0,0,96,869,1200,3
1898,238,0,0,96,869,1200,3
1899,238,0,0,96,869,1200,3
1900,238,0,0,96,869,1200,3
1901,238,0,0,96,869,1200,3
1902,238,0,0,96,869,1200,3
1903,238,0,0,96,869,1200,3
1904,238,0,0,96,869,1200,3
1905,238,0,0,96,869,1200,3
1906,238,0,0,96,869,1200,3
1907,238,0,0,96,869,1200,3
1908,238,0,0,96,869,1200,3
1909,238,0,0,96,869,1200,3
1910,238,0,0,96,869,1200,3
1911,238,0,0,96,869,1200,3
1912,238,0,0,96,869,1200,3
1913,238,0,0,96,869,1200,3
1914,238,0,0,96,869,1200,3
1915,238,0,0,96,869,1200,3
1916,238,0,0,96,869,1200,3
1917,238,0,0,96,869,1200,3
1918,238,0,0,96,869,1200,3
1919,238,0,0,96,869,1200,3
1920,238,0,0,96,869,1200,3
1921,238,0,0,96,869,1200,3
1922,238,0,0,96,869,1200,3
1923,238,0,0,96,869,1200,3
1924,238,0,0,96,869,1200,3
1925,238,0,0,96,869,1200,3
1926,238,0,0,96,869,1200,3
1927,238,0,0,96,869,1200,3
1928,238,0,0,96,869,1200,3
1929,238,0,0,96,869,1200,3
1930,238,0,0,96,869,1200,3
1931,238,0,0,96,869,1200,3
1932,238,0,0,96,869,1200,3
1933,238,0,0,96,869,1200,3
1934,238,0,0,96,869,1200,3
1935,238,0,0,96,869,1200,3
1936,238,0,0,96,869,1200,3
1937,238,0,0,96,869,1200,3
1938,238,0,0,96,869,1200,3
1939,238,0,0,96,869,1200,3
1940,238,0,0,96,869,1200,3
1941,238,0,0,96,869,1200,3
1942,238,0,0,96,869,1200,3
1943,238,0,0,96,869,1200,3
1944,238,0,0,96,869,1200,3
1945,238,0,0,96,869,1200,3
1946,238,0,0,96,869,1200,3
1947,238,0,0,96,869,1200,3
1948,238,0,0,96,869,1200,3
1949,238,0,0,96,869,1200,3
1950,238,0,0,96,869,1200,3
1951,238,0,0,96,869,1200,3
1952,238,0,0,96,869,1200,3
1953,238,0,0,96,869,1200,3
1954,238,0,0,96,869,1200,3
1955,238,0,0,96,869,1200,3
1956,238,0,0,96,869,1200,3
1957,238,0,0,96,869,1200,3
1958,238,0,0,96,869,1200,3
1959,238,0,0,96,869,1200,3
1960,238,0,0,96,869,1200,3
1961,238,0,0,96,869,1200,3
1962,238,0,0,96,869,1200,3
1963,238,0,0,96,869,1200,3
1964,238,0,0,96,869,1200,3
1965,238,0,0,96,869,1200,3
1966,238,0,0,96,869,1200,3
1967,238,0,0,96,869,1200,3
1968,238,0,0,96,869,1200,3
1969,238,0,0,96,869,1200,3
1970,238,0,0,96,869,1200,3
1971,238,0,0,96,869,1200,3
1972,238,0,0,96,869,1200,3
1973,238,0,0,96,869,1200,3
1974,238,0,0,96,869,1200,3
1975,238,0,0,96,869,1200,3
1976,238,0,0,96,869,1200,3
1977,238,0,0,96,869,1200,3
1978,238,0,0,96,869,1200,3
1979,238,0,0,96,869,1200,3
1980,238,0,0,96,869,1200,3
1981,238,0,0,96,869,1200,3
1982,238,0,0,96,869,1200,3
1983,238,0,0,96,869,1200,3
1984,238,0,0,96,869,1200,3
1985,238,0,0,96,869,1200,3
1986,238,0,0,96,869,1200,3
1987,238,0,0,96,869,1200,3
1988,238,0,0,96,869,1200,3
1989,238,0,0,96,869,1200,3
1990,238,0,0,96,869,1200,3
1991,238,0,0,96,869,1200,3
1992,238,0,0,96,869,1200,3
1993,238,0,0,96,869,1200,3
1994,238,0,0,96,869,1200,3
1995,238,0,0,96,869,1200,3
1996,238,0,0,96,869,1200,3
1997,238,0,0,96,869,1200,3
1998,238,0,0,96,869,1200,3
1999,238,0,0,96,869,1200,3
